supplierName,??????????,??????????,part no.,oem
A.P.P Auto Parts,P0141,คอมเพรสเซอร์แอร์ Vinn Vios (03-06),,
A.P.P Auto Parts,P0142,คอมเพรสเซอร์แอร์ Vinn Vios (13-16),,
A.P.P Auto Parts,P0143,คอมเพรสเซอร์แอร์ Vinn Vios/Yaris 2007,,
A.P.P Auto Parts,P0144,คอมเพรสเซอร์แอร์ Vinn Avanza 1.5cc 10SE13C,,
A.P.P Auto Parts,P0145,"คอมเพรสเซอร์แอร์ Vinn Fortuner,Innova ดีเซล",,
A.P.P Auto Parts,P0146,คอมเพรสเซอร์แอร์ Vinn Commuter (04-17) ดีเซล,,
A.P.P Auto Parts,P0147,คอมเพรสเซอร์แอร์ Vinn Yaris (2013),,
A.P.P Auto Parts,P0148,คอมเพรสเซอร์แอร์ Vinn Altis (07) ไม่มีสวิตช์,,
A.P.P Auto Parts,P0149,คอมเพรสเซอร์แอร์ Vinn Triton 2.5,,
A.P.P Auto Parts,P0150,คอมเพรสเซอร์แอร์ Vinn Almera (12-19) 1.2/March 7PK (ลูกสูบ),,
A.P.P Auto Parts,P0151,คอมเพรสเซอร์แอร์ Vinn SD 5S14 2A 12V. R134 (508)F,,
A.P.P Auto Parts,P0152,คอมเพรสเซอร์แอร์ Vinn SD 5S14 2A 12V. R134 (508)O,,
A.P.P Auto Parts,P0153,คอมเพรสเซอร์แอร์ Vinn SD 5S14 2A 24V. R134 (508)O,,
A.P.P Auto Parts,P0154,คอมเพรสเซอร์แอร์ Vinn SD 5H14 10PK 12V. R134 (508)0,,
A.P.P Auto Parts,P0155,คอมเพรสเซอร์แอร์ Vinn Swift 2017/Ciaz,,
A.P.P Auto Parts,P0156,คอมเพรสเซอร์แอร์ Vinn City 14-18,,
A.P.P Auto Parts,P0157,คอมเพรสเซอร์แอร์ Vinn Civic (12-15),,
A.P.P Auto Parts,P0158,แผงคอยล์ร้อน JT Innova 2005-2015 (Diesel),,
A.P.P Auto Parts,P0159,แผงคอยล์ร้อน JT Commuter 2005,,
A.P.P Auto Parts,P0160,แผงคอยล์ร้อน JT Commuter 2005 แผงเสริม,,
A.P.P Auto Parts,P0161,แผงคอยล์ร้อน JT Accord 2008,,
A.P.P Auto Parts,P0162,แผงคอยล์ร้อน JT Accord 2013,,
A.P.P Auto Parts,P0163,แผงคอยล์ร้อน JT Mirage 2012,,
A.P.P Auto Parts,P0164,แผงคอยล์ร้อน JT March 2010,,
A.P.P Auto Parts,P0165,แผงคอยล์ร้อน JT Mazda 2 Sky เบนซิน,,
A.P.P Auto Parts,P0166,คอยล์เย็น Vinn City 2014,,
A.P.P Auto Parts,P0167,คอยล์เย็น Vinn Triton 2015,,
A.P.P Auto Parts,P0168,คอยล์เย็น Vinn Civic 2006,,
A.P.P Auto Parts,P0169,คอยล์เย็น Vinn Civic 2012,,
A.P.P Auto Parts,P0170,คอยล์เย็น Vinn Mirage 2012,,
A.P.P Auto Parts,P0171,คอยล์เย็น Vinn Mazda 2 Sky 2015,,
A.P.P Auto Parts,P0172,ชุดหน้าคลัช 10 PA ร่องเดี่ยว รถตู้ 12V,,
A.P.P Auto Parts,P0173,ชุดหน้าคลัช 10 PA (2ร่อง) 12V,,
A.P.P Auto Parts,P0174,"ชุดหน้าคลัช TigerD4D,Fortuner (10s สาย)",,
A.P.P Auto Parts,P0175,"ชุดหน้าคลัช Altis,05 (10S ปลั๊ก)",,
A.P.P Auto Parts,P0176,"ชุดหน้าคลัช Altis,07 (10S สาย)",,
A.P.P Auto Parts,P0177,ชุดหน้าคลัช Altis 2010,,
A.P.P Auto Parts,P0178,ชุดหน้าคลัช Avanza 1.3 (10PA),,
A.P.P Auto Parts,P0179,ชุดหน้าคลัช Avanza 1.5 (10PA),,
A.P.P Auto Parts,P0180,ชุดหน้าคลัช Avanza'2011 (6 PK),,
A.P.P Auto Parts,P0181,ชุดหน้าคลัช Vigo (10 PA),,
A.P.P Auto Parts,P0182,ชุดหน้าคลัช Vigo (10S),,
A.P.P Auto Parts,P0183,ชุดหน้าคลัช Revo(10PA),,
A.P.P Auto Parts,P0184,ชุดหน้าคลัช Vios'03 (10PA),,
A.P.P Auto Parts,P0185,"ชุดหน้าคลัช Vios,Yaris '07 (10PA)",,
A.P.P Auto Parts,P0186,"ชุดหน้าคลัช Vios,Yaris '07 (10S)",,
A.P.P Auto Parts,P0187,ชุดหน้าคลัช Vios'2013 (10PA),,
A.P.P Auto Parts,P0188,ชุดหน้าคลัช Vios'2013 (10SE),,
A.P.P Auto Parts,P0189,ชุดหน้าคลัช Yaris 2013 (10SE),,
A.P.P Auto Parts,P0190,ชุดหน้าคลัช Vios 2016 (10SE),,
A.P.P Auto Parts,P0191,"ชุดหน้าคลัช Hiace,commuter (เบนซิน)",,
A.P.P Auto Parts,P0192,ชุดหน้าคลัช Commuter (6SEU 16C),,
A.P.P Auto Parts,P0193,ชุดหน้าคลัช Accord'03 (2.4),,
A.P.P Auto Parts,P0194,ชุดหน้าคลัช Accord'08 (2.0),,
A.P.P Auto Parts,P0195,"ชุดหน้าคลัช Accord,CR-V'2013 (2.0)",,
A.P.P Auto Parts,P0196,"ชุดหน้าคลัช Brio,Amaze 2012",,
A.P.P Auto Parts,P0197,ชุดหน้าคลัช Brio 2016,,
A.P.P Auto Parts,P0198,"ชุดหน้าคลัช City,Jazz 03",,
A.P.P Auto Parts,P0199,"ชุดหน้าคลัช City,Jazz 06",,
A.P.P Auto Parts,P0200,"ชุดหน้าคลัช City,Jazz 08",,
A.P.P Auto Parts,P0201,"ชุดหน้าคลัช City,Jazz 2014 (NSK)",,
A.P.P Auto Parts,P0202,ชุดหน้าคลัช D-Max 2003 2 ร่อง,,
A.P.P Auto Parts,P0203,ชุดหน้าคลัช D-Max 2006 1 ร่อง Common Rail,,
A.P.P Auto Parts,P0204,ชุดหน้าคลัช D-Max 2012,,
A.P.P Auto Parts,P0205,ชุดหน้าคลัช D-Max 1.9(6PK),,
A.P.P Auto Parts,P0206,ชุดหน้าคลัช D-Max 1.9(7PK),,
A.P.P Auto Parts,P0207,ชุดหน้าคลัช MU-X (6PK),,
A.P.P Auto Parts,P0208,ชุดหน้าคลัช DECA 360แรง 24V,,
A.P.P Auto Parts,P0209,ชุดหน้าคลัช STRADA W800,,
A.P.P Auto Parts,P0210,ชุดหน้าคลัช Triton 2.5,,
A.P.P Auto Parts,P0211,ชุดหน้าคลัช Triton 2.4 CNG,,
A.P.P Auto Parts,P0212,ชุดหน้าคลัช Triton 2014 (4PK),,
A.P.P Auto Parts,P0213,ชุดหน้าคลัช Triton 2014 (5PK),,
A.P.P Auto Parts,P0214,ชุดหน้าคลัช Mirage 2012,,
A.P.P Auto Parts,P0215,ชุดหน้าคลัช Pajero sport 3000,,
A.P.P Auto Parts,P0216,ชุดหน้าคลัช Frontier ZDI (7PK),,
A.P.P Auto Parts,P0217,ชุดหน้าคลัช Navara ใหญ่,,
A.P.P Auto Parts,P0218,ชุดหน้าคลัช Navara NP300 (ดีเซล),,
A.P.P Auto Parts,P0219,"ชุดหน้าคลัช March,Almera",,
A.P.P Auto Parts,P0220,ชุดหน้าคลัช Tiida,,
A.P.P Auto Parts,P0221,ชุดหน้าคลัช Sylphy 1.8,,
A.P.P Auto Parts,P0222,ชุดหน้าคลัช Teana 09'(2.0),,
A.P.P Auto Parts,P0223,ชุดหน้าคลัช Teana 09'(2.5),,
A.P.P Auto Parts,P0224,"ชุดหน้าคลัช Ranger 2021,BT-50 Pro",,
A.P.P Auto Parts,P0225,"ชุดหน้าคลัช Ranger 2016, Everest",,
A.P.P Auto Parts,P0226,ชุดหน้าคลัช Fiesta,,
A.P.P Auto Parts,P0227,ชุดหน้าคลัช Colorado 2012,,
A.P.P Auto Parts,P0228,ชุดหน้าคลัช Mazda 2 Panasonic (NSK),,
A.P.P Auto Parts,P0229,ชุดหน้าคลัช Mazda 2 Calsonic (NSK),,
A.P.P Auto Parts,P0230,ชุดหน้าคลัช Mazda 2 Skyactiv 2015 (เบนซิน),,
A.P.P Auto Parts,P0231,"ชุดหน้าคลัช Mazda 3, CX-5 Skyactiv 2014",,
A.P.P Auto Parts,P0232,ชุดหน้าคลัช Carry 10S 11C,,
A.P.P Auto Parts,P0233,ชุดหน้าคลัช Carry 10s 15C,,
A.P.P Auto Parts,P0234,ชุดหน้าคลัช Swift Panasonic,,
A.P.P Auto Parts,P0235,ชุดหน้าคลัช Swift Calsonic,,
A.P.P Auto Parts,P0236,ชุดหน้าคลัช Ciaz,,
A.P.P Auto Parts,P0237,ชุดหน้าคลัช Hino Mega 24 V (10S ร่องA),,
A.P.P Auto Parts,P0238,ชุดหน้าคลัช 508 เล็ก 2 ร่อง 12 V,,
A.P.P Auto Parts,P0239,ชุดหน้าคลัช Hyundai H-1,,
A.P.P Auto Parts,P0240,พัดลมโบลเวอร์ JT Jazz03/City03 HD-60-004,HD-60-004,
A.P.P Auto Parts,P0241,พัดลมโบลเวอร์ JT Tiger 12v HD-60-005,HD-60-005,
A.P.P Auto Parts,P0242,พัดลมโบลเวอร์ JT Altis03/Wish03 HD-60-006,HD-60-006,
A.P.P Auto Parts,P0243,พัดลมโบลเวอร์ JT Vios 03 12V HD-60-012,HD-60-012,
A.P.P Auto Parts,P0244,พัดลมโบลเวอร์ JT Camry 03/Wish05 HD-60-026B,HD-60-026B,
A.P.P Auto Parts,P0245,พัดลมโบลเวอร์ JT Mirage HD-60-028,HD-60-028,
A.P.P Auto Parts,P0246,พัดลมโบลเวอร์ JT March 12V HD-60-040,HD-60-040,
A.P.P Auto Parts,P0247,พัดลมโบลเวอร์ JT Tiida 12V HD-60-044,HD-60-044,
A.P.P Auto Parts,P0248,พัดลมโบลเวอร์ JT Fiesta 12V HD-60-048C,HD-60-048C,
A.P.P Auto Parts,P0249,พัดลมโบลเวอร์ JT Accord 08-12 CW12V HD-60-057,HD-60-057,
A.P.P Auto Parts,P0250,พัดลมโบลเวอร์ JT Civic 12V HD-60-073B,HD-60-073B,
A.P.P Auto Parts,P0251,พัดลมโบลเวอร์ JT Vios 2014 HD-60-077,HD-60-077,
A.P.P Auto Parts,P0252,พัดลมโบลเวอร์ JT X-Trail 08-13 12V HD-60-078,HD-60-078,
A.P.P Auto Parts,P0253,พัดลมโบลเวอร์ JT Civic 06 HD-60-081,HD-60-081,
A.P.P Auto Parts,P0254,พัดลมโบลเวอร์ JT Avanza 12V HD-60-083B,HD-60-083B,
A.P.P Auto Parts,P0255,พัดลมโบลเวอร์ JT Dragoneye HD-60-148,HD-60-148,
A.P.P Auto Parts,P0256,พัดลมโบลเวอร์ JT Urvan E26 HD-60-168,HD-60-168,
A.P.P Auto Parts,P0257,พัดลมโบลเวอร์ JT Ciaz HD-60-186,HD-60-186,
A.P.P Auto Parts,P0258,พัดลมโบลเวอร์ JT Suzuki APV/ERTIGA13 REAR HD-50-039,HD-50-039,
A.P.P Auto Parts,P0259,มอเตอร์ Altis 08-13(auto) 168000-25604W,168000-25604W,
A.P.P Auto Parts,P0260,มอเตอร์ Altis 08-13(manual) -> S 168000-10704W,168000-10704W,
A.P.P Auto Parts,P0261,มอเตอร์ Commuter 05 L 168000-54704W,168000-54704W,
A.P.P Auto Parts,P0262,มอเตอร์ Commuter 05 R 168000-54804W,168000-54804W,
A.P.P Auto Parts,P0263,มอเตอร์ Vios 07-13 AE168000-26804W,AE168000-26804W,
A.P.P Auto Parts,P0264,"มอเตอร์ City09,Jazz08 AE168000-87304W",AE168000-87304W,
A.P.P Auto Parts,P0265,มอเตอร์ Mazda 2 AE168000-83104D,AE168000-83104D,
A.P.P Auto Parts,P0266,มอเตอร์ Brio 14-18(Driver) AE168000-11804D,AE168000-11804D,
A.P.P Auto Parts,P0267,"มอเตอร์ Mirage 12-18 ,Plug size s AE168000-70304D",AE168000-70304D,
A.P.P Auto Parts,P0268,มอเตอร์ Civic12 AE168000-74904D,AE168000-74904D,
A.P.P Auto Parts,P0269,มอเตอร์ Civic FB 06(Passenger) AE168000-80204D,AE168000-80204D,
A.P.P Auto Parts,P0270,มอเตอร์ Civic FB 06 CRV2.0 AE168000-80304D,AE168000-80304D,
A.P.P Auto Parts,P0271,มอเตอร์ Carry AE168000-93704D,AE168000-93704D,
A.P.P Auto Parts,P0272,มอเตอร์ Jazz 16-2020 AE168000-21204D,AE168000-21204D,
A.P.P Auto Parts,P0273,มอเตอร์ Vios 2013 (หมุนทวน Size M 12V) AC268000-81704D,AC268000-81704D,
A.P.P Auto Parts,P0274,มอเตอร์ Accord G808 2.4 (Passenger) AE168000-86704D,AE168000-86704D,
A.P.P Auto Parts,P0275,มอเตอร์ Accord 13-16 DI261473-00204W,DI261473-00204W,
A.P.P Auto Parts,P0276,มอเตอร์ Accord 08-12 DI261473-00504W,DI261473-00504W,
A.P.P Auto Parts,P0277,สายน้ำยา Altis 10 ดูโอ้ สายกลาง K.335,K.335,
A.P.P Auto Parts,P0278,สายน้ำยา Teana 09 2.0 สายกลาง K.356,K.356,
A.P.P Auto Parts,P0279,สายน้ำยา Teana 09 2.5 สายกลาง K.451,K.451,
A.P.P Auto Parts,P0280,สายน้ำยา Mazda 3 04-16 1.6 สายกลาง K.334,K.334,
A.P.P Auto Parts,P0281,สายน้ำยา Mazda 3 04-16 2.0 สายกลาง K.281,K.281,
A.P.P Auto Parts,P0282,สายน้ำยา Camry 2013 2.0 สายกลาง K.463,K.463,
A.P.P Auto Parts,P0283,สายน้ำยา Camry 2013 2.5 สายกลาง k.465,k.465,
A.P.P Auto Parts,P0284,สายน้ำยา Altis 14-18 สายกลาง K.403,K.403,
A.P.P Auto Parts,P0285,สายน้ำยา Accord 08-12 2.0 สายกลาง K.340,K.340,
A.P.P Auto Parts,P0286,สายน้ำยา Accord 08-12 2.4 สายกลาง K.342,K.342,
A.P.P Auto Parts,P0287,สายน้ำยา Honda Brio 13-16 สายกลาง K.365,K.365,
A.P.P Auto Parts,P0288,สายน้ำยา Fortuner 04-15 ดีเซล 2.5/3.0 สายกลาง K.309,K.309,
A.P.P Auto Parts,P0289,สายน้ำยา Vigo ดีเซล 2.5/3.0 สายกลาง K.259,K.259,
A.P.P Auto Parts,P0290,สายน้ำยา March/Almera 2010 สายกลาง K.354,K.354,
A.P.P Auto Parts,P0291,สายน้ำยา Navara D40 07-13 2.5 สายกลาง K.314,K.314,
A.P.P Auto Parts,P0292,"สายน้ำยา Colorado ,12 สายกลาง K.373",K.373,
A.P.P Auto Parts,P0293,สายน้ำยา Jazz 2014 สายกลาง K.388,K.388,
A.P.P Auto Parts,P0294,สายน้ำยา CR-V 13 12.0/2.4 สายกลาง K.394,K.394,
A.P.P Auto Parts,P0295,สายน้ำยา CR-V 07 2.0 สายกลาง K.346,K.346,
A.P.P Auto Parts,P0296,สายน้ำยา CR-V 07 2.4 สายกลาง K.348,K.348,
A.P.P Auto Parts,P0297,สายน้ำยา Attage/Mirage สายกลาง K.380,K.380,
A.P.P Auto Parts,P0298,สายน้ำยา Wish ทุกรุ่น สายกลาง K.306,K.306,
A.P.P Auto Parts,P0299,สายน้ำยา City 14-17 สายกลาง K.386,K.386,
A.P.P Auto Parts,P0300,สายน้ำยา Tiida 1.6/1.8 สายกลาง K.307,K.307,
A.P.P Auto Parts,P0301,สายน้ำยา D-Max 03 สายกลาง K.184,K.184,
A.P.P Auto Parts,P0302,สายน้ำยา D-Max 06 สายกลาง K.267,K.267,
A.P.P Auto Parts,P0303,สายน้ำยา D-Max 12 Blue power 3.0 สายกลาง K.363,K.363,
A.P.P Auto Parts,P0304,ไดเออร์ D-Max 2003,,
A.P.P Auto Parts,P0305,ไดเออร์ หัวเปเปอร์ 2 ทาง แบบมีรูสวิต 2 รู,,
A.P.P Auto Parts,P0306,ไดเออร์ หัวเปเปอร์ 2 ทาง แบบมีรูสวิต 1 รู ลูกใหญ่,,
A.P.P Auto Parts,P0307,ไดเออร์ หัวเปเปอร์ 2 ทาง แบบมีรูสวิต 1 รู,,
A.P.P Auto Parts,P0308,ไดเออร์ โอริง 3 หุน มีรูสวิต 2 รู,,
A.P.P Auto Parts,P0309,ไดเออร์ City 2014,,
A.P.P Auto Parts,P0310,ไดเออร์ Mazda 3 06-10,,
A.P.P Auto Parts,P0311,ไดเออร์ Swift 09-11 1.5,,
A.P.P Auto Parts,P0312,ไดเออร์ Almera 2010/March,,
A.P.P Auto Parts,P0313,รายการอื่นๆ Denso น๊อตขันวาล์ว toyota,,
AMZTON,P0027,คอมแอร์ TOYOTA Vigo 2004-2015 เบนซิน,,
AMZTON,P0028,คอมแอร์ ISUZU D-MAX 2003-2005 2 ร่อง,,
AMZTON,P0029,คอมแอร์ ISUZU D-MAX 2006-2011 1 ร่อง,,
AMZTON,P0030,คอมแอร์ TOYOTA Vigo 2004-2015 ดีเซล,,
AMZTON,P0031,คอมแอร์ TOYOTA Altis 2010-2013 TSE14C valve2,,
AMZTON,P0032,คอมแอร์ HONDA Accord 2008-2017,,
AMZTON,P0033,คอมแอร์ HONDA CR-V G4 2012-2016,,
AMZTON,P0034,คอมแอร์ NISSAN Navara D40 2007-2013,,
AMZTON,P0035,คอมแอร์ TOYOTA Vios/Yaris 2016-2017 4PK,,
AMZTON,P0036,คอมแอร์ TOYOTA Vios 2017-2021 6PK,,
AMZTON,P0037,คอมแอร์ ISUZU Calsonic D-MAX All New 2012-2015 1A,,
AMZTON,P0038,คอยล์เย็น TOYOTA Vigo/Altis 2008-2018/Fortuner 2004-2014/Commuter 2005-2015,,
AMZTON,P0039,คอยล์เย็น TOYOTA Revo/Fortuner,,
AMZTON,P0040,คอยล์เย็น ISUZU D-MAX 2003-2005 2 ร่อง,,
AMZTON,P0041,คอยล์เย็น ISUZU D-MAX 2006-2011 1 ร่อง 1A หน้าครัช,,
AMZTON,P0042,คอยล์เย็น ISUZU D-MAX All New 2012-2018/MU-X 2013-2019 มีคอ,,
AMZTON,P0043,คอยล์เย็น TOYOTA Yaris 2007-2012/Altis 2014-2018/Vios 2007-2012,,
AMZTON,P0044,คอยล์เย็น TOYOTA Vios วีออส 2003-2006,,
AMZTON,P0045,คอยล์เย็น TOYOTA Vios/Yaris 2013-2021,,
AMZTON,P0046,คอยล์เย็น TOYOTA Camry ACV40 2006-2016,,
AMZTON,P0047,คอยล์เย็น TOYOTA Altis 2001-2006,,
AMZTON,P0048,คอยล์เย็น NISSAN March 2015/Almera 2010-2019,,
AMZTON,P0049,คอยล์เย็น NISSAN Navara NP300,,
AMZTON,P0050,คอยล์เย็น NISSAN NP300,,
AMZTON,P0051,คอยล์เย็น FORD Ranger 2006/MAZDA BT-50 2006,,
AMZTON,P0052,คอยล์เย็น FORD Ranger 2012-2018/MAZDA BT-50 Pro 2012-2018/FORD Everest 2015,,
AMZTON,P0053,คอยล์เย็น HONDA Jazz/City 2008-2013,,
AMZTON,P0054,คอยล์เย็น HONDA Jazz 2001-2005/City 2003-2005,,
AMZTON,P0055,คอยล์เย็น MITSUBISHI Triton 2007-2013,,
AMZTON,P0056,คอยล์เย็น FORD Fiesta 2009-2013/MAZDA Mazda 2 2009-2013,,
AMZTON,P0057,คอยล์เย็น MAZDA Mazda 3/CX-5 2014,,
AMZTON,P0058,คอยล์เย็น SUZUKI Swift 2012-2017,,
AMZTON,P0059,แผงแอร์ TOYOTA Vigo 2005-2014 ดีเซล,,
AMZTON,P0060,แผงแอร์ TOYOTA Revo 2015 ดีเซล,,
AMZTON,P0061,แผงแอร์ ISUZU D-MAX 2003-2005/CHEVROLET Colorado 2005,,
AMZTON,P0062,แผงแอร์ ISUZU D-MAX 2006-2011/CHEVROLET Colorado 2006-2011,,
AMZTON,P0063,แผงแอร์ ISUZU D-MAX 2012-2019/CHEVROLET Colorado 2012-2016,,
AMZTON,P0064,แผงแอร์ ISUZU MU-7 2004-2017,,
AMZTON,P0065,แผงแอร์ TOYOTA Vios 2007,,
AMZTON,P0066,แผงแอร์ TOYOTA Vios/Yaris 2013,,
AMZTON,P0067,แผงแอร์ TOYOTA Altis 2001-2007,,
AMZTON,P0068,แผงแอร์ TOYOTA Altis/C-HR 2008-2017,,
AMZTON,P0069,แผงแอร์ TOYOTA Camry ACV40,,
AMZTON,P0070,แผงแอร์ HONDA City/Jazz 2003-2007,,
AMZTON,P0071,แผงแอร์ HONDA City 2009-2013,,
AMZTON,P0072,แผงแอร์ HONDA City 2014-2018,,
AMZTON,P0073,แผงแอร์ HONDA Jazz 2014,,
AMZTON,P0074,แผงแอร์ HONDA City 2020,,
AMZTON,P0075,แผงแอร์ HONDA Civic FD 2006-2011,,
AMZTON,P0076,แผงแอร์ HONDA Civic FB 2012-2015,,
AMZTON,P0077,แผงแอร์ HONDA Civic FC 2016-2021,,
AMZTON,P0078,แผงแอร์ HONDA CR-V G3 2007-2011,,
AMZTON,P0079,แผงแอร์ HONDA CR-V G4 2012-2016,,
AMZTON,P0080,แผงแอร์ FORD Ranger T6 2012-2016/MAZDA BT-50 Pro 2012-2020,,
AMZTON,P0081,แผงแอร์ CHEVROLET Captiva 2007-2016 ดีเซล,,
AMZTON,P0082,แผงแอร์ FORD Ranger 2004-2011,,
AMZTON,P0083,แผงแอร์ MITSUBISHI Triton 2005-2014 ดีเซล,,
AMZTON,P0084,แผงแอร์ MITSUBISHI Triton 2015-2020,,
AMZTON,P0085,แผงแอร์ NISSAN Navara D40 2007-2014,,
AMZTON,P0086,แผงแอร์ NISSAN Navara NP300 2014,,
AMZTON,P0087,แผงแอร์ NISSAN Sylphy 2012-2019,,
AMZTON,P0088,แผงแอร์ SUZUKI Swift 2012-2016,,
AMZTON,P0089,แผงแอร์ SUZUKI Swift 2018,,
AMZTON,P0090,แผงแอร์ SUZUKI Ciaz 2015,,
AMZTON,P0091,แผงแอร์ SUZUKI Carry/APV 2005-2018,,
AMZTON,P0092,วาล์วแอร์ TOYOTA Vigo,,
AMZTON,P0093,วาล์วแอร์ TOYOTA Hilux Revo,,
AMZTON,P0094,วาล์วแอร์ ISUZU D-MAX 2003-2011,,
AMZTON,P0095,วาล์วแอร์ ISUZU D-MAX 2012-2020,,
AMZTON,P0096,วาล์วแอร์ MITSUBISHI Triton 2005-2014,,
AMZTON,P0097,วาล์วแอร์ MITSUBISHI Triton 2015,,
AMZTON,P0098,วาล์วแอร์ NISSAN Juke/Tiida,,
AMZTON,P0099,วาล์วแอร์ HONDA Civic 2006/City 2009/CR-V 2002-2005,,
AMZTON,P0100,วาล์วแอร์ TOYOTA Camry ACV50 2012/HONDA Brio 2012/HONDA Freed 2012/TOYOTA Vios 2013/TOYOTA Yaris 2013,,
AMZTON,P0101,วาล์วแอร์ TOYOTA Yaris 2013/TOYOTA Altis 2013/TOYOTA Camry 2013/HONDA Brio 2012/HONDA Freed 2012,,
AMZTON,P0102,วาล์วแอร์ TOYOTA Altis 2001-2007,,
AMZTON,P0103,วาล์วแอร์ TOYOTA Vios CV'01 2002-2006,,
AMZTON,P0104,วาล์วแอร์ MAZDA Mazda 2/Mazda 3,,
AMZTON,P0105,วาล์วแอร์ NISSAN March/NP300/X-Trail,,
AMZTON,P0106,โบลเวอร์ ISUZU D-MAX 2003-2011,,
AMZTON,P0107,โบลเวอร์ ISUZU D-MAX 2012,,
AMZTON,P0108,โบลเวอร์ ISUZU Calsonic D-MAX 2020,,
AMZTON,P0109,โบลเวอร์ TOYOTA Vigo,,
AMZTON,P0110,โบลเวอร์ FORD Ranger 2006/MAZDA BT-50 2006,,
AMZTON,P0111,โบลเวอร์ FORD Ranger 2012/MAZDA BT-50 2012,,
AMZTON,P0112,โบลเวอร์ HONDA CR-V 2003/Civic 2001,,
AMZTON,P0113,โบลเวอร์ HONDA CR-V 2012,,
AMZTON,P0114,โบลเวอร์ TOYOTA Vios,,
AMZTON,P0115,โบลเวอร์ TOYOTA Yaris 2006-2011/SUZUKI Swift 2006-2011/SUZUKI Carry,,
AMZTON,P0116,โบลเวอร์ HINO Mega 12V,,
AMZTON,P0117,โบลเวอร์ TOYOTA Commuter R,,
AMZTON,P0118,โบลเวอร์ TOYOTA Commuter L,,
AMZTON,P0119,โบลเวอร์ HONDA City 2009,,
AMZTON,P0120,โบลเวอร์ ISUZU DECA/UD 195 24V,,
AMZTON,P0121,โบลเวอร์ NISSAN Navara 2003,,
AMZTON,P0122,โบลเวอร์ NISSAN Navara 2008,,
AMZTON,P0123,โบลเวอร์ MAZDA Mazda 2,,
AMZTON,P0124,โบลเวอร์ MAZDA Mazda 3 2005-2009,,
AMZTON,P0125,โบลเวอร์ MAZDA Mazda 3 2010-2013,,
AMZTON,P0126,โบลเวอร์ TOYOTA Revo/Fortuner 2015,,
AMZTON,P0127,โบลเวอร์ HONDA Civic 2012-2016,,
AMZTON,P0128,โบลเวอร์ MITSUBISHI Triton 2014,,
AMZTON,P0129,ไดร์เออร์ ISUZU D-MAX 2012/NISSAN Tiida,,
AMZTON,P0130,ไดร์เออร์ HONDA Jazz/City 2003,,
AMZTON,P0131,ไดร์เออร์ NISSAN March/Almera,,
AMZTON,P0132,ไดร์เออร์ NISSAN Navara,,
AMZTON,P0133,ไดร์เออร์ FORD Ranger,,
AMZTON,P0134,ดรายเออร์ Drier 3R 3/8 O (หัวโอริง),,
AMZTON,P0135,"ดรายเออร์ Drier 3R 3/8 F JUMBO (จัมโบ้ หัวเปเปอร์,หัวแฟ)",,
AMZTON,P0136,มอเตอร์พัดลม HINO Mega 24V S 2006,,
AMZTON,P0137,มอเตอร์พัดลม HINO Mega 24V 2003,,
AMZTON,P0138,คอยล์เย็น ISUZU Denso D-MAX 2020 มีคอ,,
AMZTON,P0139,คอยล์เย็น HINO Mega 2005,,
AMZTON,P0140,คอยล์เย็น ISUZU DECA NMR,,